<?xml version="1.0" encoding="utf-8"?>
<odoo>
    <data noupdate="1">
        <record id="payment_acquirer_cmi" model="payment.acquirer">
            <field name="name">Payment CMI by credit card </field>
            <field name="image_128" type="base64" file="payment_cmi/static/src/img/cmi_icon.png"/>
            <field name="provider">cmi</field>
            <field name="company_id" ref="base.main_company"/>
            <field name="view_template_id" ref="cmi_form"/>
            <field name="payment_icon_ids" eval='[(6, 0, [ref("payment_cmi.payment_icon_cc_visacard"),
                                                        ref("payment_cmi.payment_icon_cc_maestrocard"),
                                                        ref("payment_cmi.payment_icon_cc_mastercard"),
                                                        ref("payment_cmi.payment_icon_cc_cmicard")])]'/>
        </record>
    </data>
</odoo>
